iter	Logloss
0	0.6446407723
1	0.6029416192
2	0.5679509884
3	0.535272556
4	0.5073162659
